{"branches": 64.36170212765957, "coverage": 76.04642982764686}